#,Name,Type 1,Type 2,Total,HP,Attack,Defense,Sp. Atk,Sp. Def,Speed,Generation,Legendary
1,Bulbasaur,Grass,Poison,318,45,49,49,65,65,45,1,False
2,Ivysaur,Grass,Poison,405,60,62,63,80,80,60,1,False
3,Venusaur,Grass,Poison,525,80,82,83,100,100,80,1,False
4,Charmander,Fire,,309,39,52,43,60,50,65,1,False
5,Charmeleon,Fire,,405,58,64,58,80,65,80,1,False
6,Charizard,Fire,Flying,534,78,84,78,109,85,100,1,False
7,Squirtle,Water,,314,44,48,65,50,64,43,1,False
8,Wartortle,Water,,405,59,63,80,65,80,58,1,False
9,Blastoise,Water,,530,79,83,100,85,105,78,1,False
10,Caterpie,Bug,,195,45,30,35,20,20,45,1,False
11,Metapod,Bug,,205,50,20,55,25,25,30,1,False
12,Butterfree,Bug,Flying,395,60,45,50,90,80,70,1,False
13,Weedle,Bug,Poison,195,40,35,30,20,20,50,1,False
14,Kakuna,Bug,Poison,205,45,25,50,25,25,35,1,False
15,Beedrill,Bug,Poison,395,65,90,40,45,80,75,1,False
16,Pidgey,Normal,Flying,251,40,45,40,35,35,56,1,False
17,Pidgeotto,Normal,Flying,349,63,60,55,50,50,71,1,False
18,Pidgeot,Normal,Flying,479,83,80,75,70,70,101,1,False
19,Rattata,Normal,,253,30,56,35,25,35,72,1,False
20,Raticate,Normal,,413,55,81,60,50,70,97,1,False
21,Spearow,Normal,Flying,262,40,60,30,31,31,70,1,False
22,Fearow,Normal,Flying,442,65,90,65,61,61,100,1,False
25,Pikachu,Electric,,320,35,55,40,50,50,90,1,False
26,Raichu,Electric,,485,60,90,55,90,80,110,1,False
92,Gastly,Ghost,Poison,310,30,35,30,100,35,80,1,False
93,Haunter,Ghost,Poison,405,45,50,45,115,55,95,1,False
94,Gengar,Ghost,Poison,500,60,65,60,130,75,110,1,False
147,Dratini,Dragon,,300,41,64,45,50,50,50,1,False
148,Dragonair,Dragon,,420,61,84,65,70,70,70,1,False
149,Dragonite,Dragon,Flying,600,91,134,95,100,100,80,1,False

plt.figure(figsize=(6, 6))
plt.scatter(data_frame[0], data_frame[1], c=data_frame['DBSCAN_opt_labels'],
            cmap=plt.cm.colors.ListedColormap(colors), s=15)
plt.title('DBSCAN Clustering', fontsize=20)
plt.xlabel('Feature 1', fontsize=14)
plt.ylabel('Feature 2', fontsize=14)

df1 = points_in_circum(500, 1000)
df2 = points_in_circum(300, 700)
df3 = points_in_circum(100, 300)

data_frame['hr_labels'] = model.labels_
plt.figure(figsize=(6, 6))
plt.scatter(data_frame[0], data_frame[1], c=data_frame['hr_labels'],
            cmap=plt.cm.colors.ListedColormap(colors), s=15)
plt.title('Hierarchical Clustering', fontsize=20)
plt.xlabel('Feature 1', fontsize=14)
plt.ylabel('Feature 2', fontsize=14)